"SKU","ASIN","Product Title","Status","Last Changed","Current Price","Buy Box Price","Available Inventory","Total Fees"
"Kids-Backpack","B0HL87JXT8","Kids School Backpack with 3D Cartoon Design, 4 Compartments","Variations(3)","28 Sept 2026","","","","0"
"HT111","B0HKN4JKNG","Fruit Style Water Sipper For School & office Going with Straw, 800ml","Inactive","22 Sept 2026","840.00","","2 (FBM)","0"
"TT111","B0HKN697LR","Water Sipper for Kids & Adults with Handle 750ml","Variations(2)","22 Sept 2026","","","","0"
"KW-MKVB-DBPX","B0HKMV4FSX","Lunch Box Stainless Steel Bento 3 Compartment, 700 ml","Variations(3)","22 Sept 2026","","","","0"
"Hello Tuesday 1","B0HKKHQYKP","2 Layer Stainless Steel Lunch Box with 2-Compartment Tray Locking Lid & Spoon","Variations(2)","21 Sept 2026","","","","0"
"Yellow 1","B0HKFZY583","KOOOL Backpack for Kids School & Travel Yellow Silicone with Charms","Active","20 Sept 2026","2,499.00","2,499.00 + 0.00","1 (FBM)","520.8"
"Y1-G42M-7TA5","B0HKFSH9QS","Lunch Box Stainless Steel Insulated Food Jar with Folding Spoon 450ML","Variations(2)","20 Sept 2026","","","","0"
"LLL1","B0HKFWNF23","Lunch Box Stainless Steel Bento 3 Compartment, 700 ml","Active","20 Sept 2026","850.00","850.00 + 0.00","1 (FBM)","56.64"
"ON-O66E-3EGG","B0HKFWLJDY","Smie Stainless Steel 4 Compartment Bento Lunch Box 950ml","Variations(3)","20 Sept 2026","","","","0"
"XK-AUTX-5P07","B0HK89RJX5","Dainasor Theme Kids Backpack and Lunch Bag Series With 3D Design","Variations(3)","18 Sept 2026","","","","0"
"AS11","B0HK89F8P9","Mermaid Theme Kids Backpack and Lunch Bag Series with 3D Molded","Variations(3)","18 Sept 2026","","","","0"
"47-4CQK-DIQA","B0HK83TR2Y","Retro Telephone Kids Backpack 3D EVA Shell, 11x12 Inch","Variations(3)","18 Sept 2026","","","","0"
"LK-Y0J2-W83Y","B0HK3VGVS9","2 Layer Stainless Steel Lunch Box with Carry Handle, Leak Resistant, Tiffin Box, Office & School Use, Reusable, Food Storage Container","Variations(2)","17 Sept 2026","","","","0"
"D6-HXA5-ZCGW","B0HJX4WP9R","Kids School Bag For Girls & Boys 3 To & Years","Variations(5)","15 Sept 2026","","","","0"
"1I-32TA-QXQI","B0HJQN1LRG","Kids School Backpack with Astronaut Design, 12L","Active","14 Sept 2026","799.00","799.00 + 0.00","1 (FBM)","56.64"
"TL-WUWT-O5EV","B0HJ6BZ18S","2 Layer Stainless Steel Lunch Box with 2-Compartment Tray Locking Lid & Spoon | Reusable Tiffin Box for Office, School, Adults (Mint Green)","Active","8 Sept 2026","950.00","950.00 + 0.00","1 (FBM)","56.64"
"FT1","","Tedemei Insulated Food Jar with Folding Spoon, 450ml","Missing Information","20 Sept 2026","","","0 (FBM)","0"